Date,Close
1/2/2015 16:00:00,27.33
1/5/2015 16:00:00,26.56
1/6/2015 16:00:00,26.57
1/7/2015 16:00:00,26.94
1/8/2015 16:00:00,27.97
1/9/2015 16:00:00,28
1/12/2015 16:00:00,27.31
1/13/2015 16:00:00,27.56
1/14/2015 16:00:00,27.45
1/15/2015 16:00:00,26.71
1/16/2015 16:00:00,26.5
1/20/2015 16:00:00,27.18
1/21/2015 16:00:00,27.39
1/22/2015 16:00:00,28.1
1/23/2015 16:00:00,28.25
1/26/2015 16:00:00,28.28
1/27/2015 16:00:00,27.29
1/28/2015 16:00:00,28.83
1/29/2015 16:00:00,29.73
1/30/2015 16:00:00,29.29
2/2/2015 16:00:00,29.66
2/3/2015 16:00:00,29.66
2/4/2015 16:00:00,29.89
2/5/2015 16:00:00,29.99
2/6/2015 16:00:00,29.73
2/9/2015 16:00:00,29.93
2/10/2015 16:00:00,30.51
2/11/2015 16:00:00,31.22
2/12/2015 16:00:00,31.62
2/13/2015 16:00:00,31.77
2/17/2015 16:00:00,31.96
2/18/2015 16:00:00,32.18
2/19/2015 16:00:00,32.11
2/20/2015 16:00:00,32.37
2/23/2015 16:00:00,33.25
2/24/2015 16:00:00,33.04
2/25/2015 16:00:00,32.2
2/26/2015 16:00:00,32.6
2/27/2015 16:00:00,32.12
3/2/2015 16:00:00,32.27
3/3/2015 16:00:00,32.34
3/4/2015 16:00:00,32.14
3/5/2015 16:00:00,31.6
3/6/2015 16:00:00,31.65
3/9/2015 16:00:00,31.79
3/10/2015 16:00:00,31.13
3/11/2015 16:00:00,30.56
3/12/2015 16:00:00,31.11
3/13/2015 16:00:00,30.9
3/16/2015 16:00:00,31.24
3/17/2015 16:00:00,31.76
3/18/2015 16:00:00,32.12
3/19/2015 16:00:00,31.87
3/20/2015 16:00:00,31.48
3/23/2015 16:00:00,31.8
3/24/2015 16:00:00,31.67
3/25/2015 16:00:00,30.85
3/26/2015 16:00:00,31.06
3/27/2015 16:00:00,30.81
3/30/2015 16:00:00,31.59
3/31/2015 16:00:00,31.11
4/1/2015 16:00:00,31.06
4/2/2015 16:00:00,31.33
4/6/2015 16:00:00,31.84
4/7/2015 16:00:00,31.5
4/8/2015 16:00:00,31.4
4/9/2015 16:00:00,31.64
4/10/2015 16:00:00,31.78
4/13/2015 16:00:00,31.71
4/14/2015 16:00:00,31.58
4/15/2015 16:00:00,31.7
4/16/2015 16:00:00,31.54
4/17/2015 16:00:00,31.19
4/20/2015 16:00:00,31.9
4/21/2015 16:00:00,31.73
4/22/2015 16:00:00,32.16
4/23/2015 16:00:00,32.42
4/24/2015 16:00:00,32.57
4/27/2015 16:00:00,33.16
4/28/2015 16:00:00,32.64
4/29/2015 16:00:00,32.16
4/30/2015 16:00:00,31.29
5/1/2015 16:00:00,32.24
5/4/2015 16:00:00,32.17
5/5/2015 16:00:00,31.45
5/6/2015 16:00:00,31.25
5/7/2015 16:00:00,31.32
5/8/2015 16:00:00,31.91
5/11/2015 16:00:00,31.58
5/12/2015 16:00:00,31.47
5/13/2015 16:00:00,31.5
5/14/2015 16:00:00,32.24
5/15/2015 16:00:00,32.19
5/18/2015 16:00:00,32.55
5/19/2015 16:00:00,32.52
5/20/2015 16:00:00,32.52
5/21/2015 16:00:00,32.85
5/22/2015 16:00:00,33.14
5/26/2015 16:00:00,32.41
5/27/2015 16:00:00,33.01
5/28/2015 16:00:00,32.95
5/29/2015 16:00:00,32.57
6/1/2015 16:00:00,32.63
6/2/2015 16:00:00,32.49
6/3/2015 16:00:00,32.53
6/4/2015 16:00:00,32.34
6/5/2015 16:00:00,32.16
6/8/2015 16:00:00,31.95
6/9/2015 16:00:00,31.86
6/10/2015 16:00:00,32.22
6/11/2015 16:00:00,32.15
6/12/2015 16:00:00,31.79
6/15/2015 16:00:00,31.73
6/16/2015 16:00:00,31.9
6/17/2015 16:00:00,31.83
6/18/2015 16:00:00,31.97
6/19/2015 16:00:00,31.65
6/22/2015 16:00:00,31.9
6/23/2015 16:00:00,31.76
6/24/2015 16:00:00,32.03
6/25/2015 16:00:00,31.88
6/26/2015 16:00:00,31.69
6/29/2015 16:00:00,31.13
6/30/2015 16:00:00,31.36
7/1/2015 16:00:00,31.65
7/2/2015 16:00:00,31.61
7/6/2015 16:00:00,31.5
7/7/2015 16:00:00,31.42
7/8/2015 16:00:00,30.64
7/9/2015 16:00:00,30.02
7/10/2015 16:00:00,30.82
7/13/2015 16:00:00,31.42
7/14/2015 16:00:00,31.4
7/15/2015 16:00:00,31.71
7/16/2015 16:00:00,32.13
7/17/2015 16:00:00,32.41
7/20/2015 16:00:00,33.02
7/21/2015 16:00:00,32.69
7/22/2015 16:00:00,31.31
7/23/2015 16:00:00,31.29
7/24/2015 16:00:00,31.13
7/27/2015 16:00:00,30.69
7/28/2015 16:00:00,30.85
7/29/2015 16:00:00,30.75
7/30/2015 16:00:00,30.59
7/31/2015 16:00:00,30.33
8/3/2015 16:00:00,29.61
8/4/2015 16:00:00,28.66
8/5/2015 16:00:00,28.85
8/6/2015 16:00:00,28.78
8/7/2015 16:00:00,28.88
8/10/2015 16:00:00,29.93
8/11/2015 16:00:00,28.37
8/12/2015 16:00:00,28.81
8/13/2015 16:00:00,28.79
8/14/2015 16:00:00,28.99
8/17/2015 16:00:00,29.29
8/18/2015 16:00:00,29.13
8/19/2015 16:00:00,28.75
8/20/2015 16:00:00,28.16
8/21/2015 16:00:00,26.44
8/24/2015 16:00:00,25.78
8/25/2015 16:00:00,25.94
8/26/2015 16:00:00,27.42
8/27/2015 16:00:00,28.23
8/28/2015 16:00:00,28.32
8/31/2015 16:00:00,28.19
9/1/2015 16:00:00,26.93
9/2/2015 16:00:00,28.09
9/3/2015 16:00:00,27.59
9/4/2015 16:00:00,27.32
9/8/2015 16:00:00,28.08
9/9/2015 16:00:00,27.54
9/10/2015 16:00:00,28.14
9/11/2015 16:00:00,28.55
9/14/2015 16:00:00,28.83
9/15/2015 16:00:00,29.07
9/16/2015 16:00:00,29.1
9/17/2015 16:00:00,28.48
9/18/2015 16:00:00,28.36
9/21/2015 16:00:00,28.8
9/22/2015 16:00:00,28.35
9/23/2015 16:00:00,28.58
9/24/2015 16:00:00,28.75
9/25/2015 16:00:00,28.68
9/28/2015 16:00:00,28.11
9/29/2015 16:00:00,27.27
9/30/2015 16:00:00,27.58
10/1/2015 16:00:00,27.4
10/2/2015 16:00:00,27.6
10/5/2015 16:00:00,27.7
10/6/2015 16:00:00,27.83
10/7/2015 16:00:00,27.7
10/8/2015 16:00:00,27.38
10/9/2015 16:00:00,28.03
10/12/2015 16:00:00,27.9
10/13/2015 16:00:00,27.95
10/14/2015 16:00:00,27.55
10/15/2015 16:00:00,27.97
10/16/2015 16:00:00,27.76
10/19/2015 16:00:00,27.93
10/20/2015 16:00:00,28.44
10/21/2015 16:00:00,28.44
10/22/2015 16:00:00,28.88
10/23/2015 16:00:00,29.77
10/26/2015 16:00:00,28.82
10/27/2015 16:00:00,28.64
10/28/2015 16:00:00,29.82
10/29/2015 16:00:00,30.13
10/30/2015 16:00:00,29.88
11/2/2015 16:00:00,30.3
11/3/2015 16:00:00,30.64
11/4/2015 16:00:00,30.5
11/5/2015 16:00:00,30.23
11/6/2015 16:00:00,30.27
11/9/2015 16:00:00,30.14
11/10/2015 16:00:00,29.19
11/11/2015 16:00:00,29.03
11/12/2015 16:00:00,28.93
11/13/2015 16:00:00,28.09
11/16/2015 16:00:00,28.54
11/17/2015 16:00:00,28.42
11/18/2015 16:00:00,29.32
11/19/2015 16:00:00,29.7
11/20/2015 16:00:00,29.83
11/23/2015 16:00:00,29.44
11/24/2015 16:00:00,29.72
11/25/2015 16:00:00,29.51
11/27/2015 16:00:00,29.45
11/30/2015 16:00:00,29.58
12/1/2015 16:00:00,29.34
12/2/2015 16:00:00,29.07
12/3/2015 16:00:00,28.8
12/4/2015 16:00:00,29.76
12/7/2015 16:00:00,29.57
12/8/2015 16:00:00,29.56
12/9/2015 16:00:00,28.91
12/10/2015 16:00:00,29.04
12/11/2015 16:00:00,28.3
12/14/2015 16:00:00,28.12
12/15/2015 16:00:00,27.62
12/16/2015 16:00:00,27.84
12/17/2015 16:00:00,27.25
12/18/2015 16:00:00,26.51
12/21/2015 16:00:00,26.83
12/22/2015 16:00:00,26.81
12/23/2015 16:00:00,27.15
12/24/2015 16:00:00,27.01
12/28/2015 16:00:00,26.71
12/29/2015 16:00:00,27.19
12/30/2015 16:00:00,26.83
12/31/2015 16:00:00,26.32
1/4/2016 16:00:00,26.34
1/5/2016 16:00:00,25.68
1/6/2016 16:00:00,25.18
1/7/2016 16:00:00,24.11
1/8/2016 16:00:00,24.24
1/11/2016 16:00:00,24.63
1/12/2016 16:00:00,24.99
1/13/2016 16:00:00,24.35
1/14/2016 16:00:00,24.88
1/15/2016 16:00:00,24.28
1/19/2016 16:00:00,24.17
1/20/2016 16:00:00,24.2
1/21/2016 16:00:00,24.08
1/22/2016 16:00:00,25.36
1/25/2016 16:00:00,24.86
1/26/2016 16:00:00,25
1/27/2016 16:00:00,23.36
1/28/2016 16:00:00,23.52
1/29/2016 16:00:00,24.34
2/1/2016 16:00:00,24.11
2/2/2016 16:00:00,23.62
2/3/2016 16:00:00,24.09
2/4/2016 16:00:00,24.15
2/5/2016 16:00:00,23.51
2/8/2016 16:00:00,23.75
2/9/2016 16:00:00,23.75
2/10/2016 16:00:00,23.57
2/11/2016 16:00:00,23.43
2/12/2016 16:00:00,23.5
2/16/2016 16:00:00,24.16
2/17/2016 16:00:00,24.53
2/18/2016 16:00:00,24.07
2/19/2016 16:00:00,24.01
2/22/2016 16:00:00,24.22
2/23/2016 16:00:00,23.67
2/24/2016 16:00:00,24.03
2/25/2016 16:00:00,24.19
2/26/2016 16:00:00,24.23
2/29/2016 16:00:00,24.17
3/1/2016 16:00:00,25.13
3/2/2016 16:00:00,25.19
3/3/2016 16:00:00,25.38
3/4/2016 16:00:00,25.75
3/7/2016 16:00:00,25.47
3/8/2016 16:00:00,25.26
3/9/2016 16:00:00,25.28
3/10/2016 16:00:00,25.29
3/11/2016 16:00:00,25.57
3/14/2016 16:00:00,25.63
3/15/2016 16:00:00,26.15
3/16/2016 16:00:00,26.49
3/17/2016 16:00:00,26.45
3/18/2016 16:00:00,26.48
3/21/2016 16:00:00,26.48
3/22/2016 16:00:00,26.68
3/23/2016 16:00:00,26.53
3/24/2016 16:00:00,26.42
3/28/2016 16:00:00,26.3
3/29/2016 16:00:00,26.92
3/30/2016 16:00:00,27.39
3/31/2016 16:00:00,27.25
4/1/2016 16:00:00,27.5
4/4/2016 16:00:00,27.78
4/5/2016 16:00:00,27.45
4/6/2016 16:00:00,27.74
4/7/2016 16:00:00,27.14
4/8/2016 16:00:00,27.17
4/11/2016 16:00:00,27.26
4/12/2016 16:00:00,27.61
4/13/2016 16:00:00,28.01
4/14/2016 16:00:00,28.03
4/15/2016 16:00:00,27.46
4/18/2016 16:00:00,26.87
4/19/2016 16:00:00,26.73
4/20/2016 16:00:00,26.78
4/21/2016 16:00:00,26.49
4/22/2016 16:00:00,26.42
4/25/2016 16:00:00,26.27
4/26/2016 16:00:00,26.09
4/27/2016 16:00:00,24.46
4/28/2016 16:00:00,23.71
4/29/2016 16:00:00,23.44
5/2/2016 16:00:00,23.41
5/3/2016 16:00:00,23.8
5/4/2016 16:00:00,23.55
5/5/2016 16:00:00,23.31
5/6/2016 16:00:00,23.18
5/9/2016 16:00:00,23.2
5/10/2016 16:00:00,23.36
5/11/2016 16:00:00,23.13
5/12/2016 16:00:00,22.59
5/13/2016 16:00:00,22.63
5/16/2016 16:00:00,23.47
5/17/2016 16:00:00,23.37
5/18/2016 16:00:00,23.64
5/19/2016 16:00:00,23.55
5/20/2016 16:00:00,23.81
5/23/2016 16:00:00,24.11
5/24/2016 16:00:00,24.48
5/25/2016 16:00:00,24.91
5/26/2016 16:00:00,25.1
5/27/2016 16:00:00,25.09
5/31/2016 16:00:00,24.97
6/1/2016 16:00:00,24.62
6/2/2016 16:00:00,24.43
6/3/2016 16:00:00,24.48
6/6/2016 16:00:00,24.66
6/7/2016 16:00:00,24.76
6/8/2016 16:00:00,24.74
6/9/2016 16:00:00,24.91
6/10/2016 16:00:00,24.71
6/13/2016 16:00:00,24.34
6/14/2016 16:00:00,24.37
6/15/2016 16:00:00,24.29
6/16/2016 16:00:00,24.39
6/17/2016 16:00:00,23.83
6/20/2016 16:00:00,23.78
6/21/2016 16:00:00,23.98
6/22/2016 16:00:00,23.89
6/23/2016 16:00:00,24.03
6/24/2016 16:00:00,23.35
6/27/2016 16:00:00,23.01
6/28/2016 16:00:00,23.4
6/29/2016 16:00:00,23.6
6/30/2016 16:00:00,23.9
7/1/2016 16:00:00,23.97
7/5/2016 16:00:00,23.75
7/6/2016 16:00:00,23.88
7/7/2016 16:00:00,23.99
7/8/2016 16:00:00,24.17
7/11/2016 16:00:00,24.25
7/12/2016 16:00:00,24.36
7/13/2016 16:00:00,24.22
7/14/2016 16:00:00,24.7
7/15/2016 16:00:00,24.7
7/18/2016 16:00:00,24.96
7/19/2016 16:00:00,24.97
7/20/2016 16:00:00,24.99
7/21/2016 16:00:00,24.86
7/22/2016 16:00:00,24.67
7/25/2016 16:00:00,24.34
7/26/2016 16:00:00,24.17
7/27/2016 16:00:00,25.74
7/28/2016 16:00:00,26.09
7/29/2016 16:00:00,26.05
8/1/2016 16:00:00,26.51
8/2/2016 16:00:00,26.12
8/3/2016 16:00:00,26.45
8/4/2016 16:00:00,26.47
8/5/2016 16:00:00,26.87
8/8/2016 16:00:00,27.09
8/9/2016 16:00:00,27.2
8/10/2016 16:00:00,27
8/11/2016 16:00:00,26.98
8/12/2016 16:00:00,27.05
8/15/2016 16:00:00,27.37
8/16/2016 16:00:00,27.35
8/17/2016 16:00:00,27.31
8/18/2016 16:00:00,27.27
8/19/2016 16:00:00,27.34
8/22/2016 16:00:00,27.13
8/23/2016 16:00:00,27.21
8/24/2016 16:00:00,27.01
8/25/2016 16:00:00,26.89
8/26/2016 16:00:00,26.74
8/29/2016 16:00:00,26.71
8/30/2016 16:00:00,26.5
8/31/2016 16:00:00,26.53
9/1/2016 16:00:00,26.68
9/2/2016 16:00:00,26.93
9/6/2016 16:00:00,26.93
9/7/2016 16:00:00,27.09
9/8/2016 16:00:00,26.38
9/9/2016 16:00:00,25.78
9/12/2016 16:00:00,26.36
9/13/2016 16:00:00,26.99
9/14/2016 16:00:00,27.94
9/15/2016 16:00:00,28.89
9/16/2016 16:00:00,28.73
9/19/2016 16:00:00,28.4
9/20/2016 16:00:00,28.39
9/21/2016 16:00:00,28.39
9/22/2016 16:00:00,28.66
9/23/2016 16:00:00,28.18
9/26/2016 16:00:00,28.22
9/27/2016 16:00:00,28.27
9/28/2016 16:00:00,28.49
9/29/2016 16:00:00,28.05
9/30/2016 16:00:00,28.26
10/3/2016 16:00:00,28.13
10/4/2016 16:00:00,28.25
10/5/2016 16:00:00,28.26
10/6/2016 16:00:00,28.47
10/7/2016 16:00:00,28.52
10/10/2016 16:00:00,29.01
10/11/2016 16:00:00,29.08
10/12/2016 16:00:00,29.34
10/13/2016 16:00:00,29.25
10/14/2016 16:00:00,29.41
10/17/2016 16:00:00,29.39
10/18/2016 16:00:00,29.37
10/19/2016 16:00:00,29.28
10/20/2016 16:00:00,29.27
10/21/2016 16:00:00,29.15
10/24/2016 16:00:00,29.41
10/25/2016 16:00:00,29.56
10/26/2016 16:00:00,28.9
10/27/2016 16:00:00,28.62
10/28/2016 16:00:00,28.43
10/31/2016 16:00:00,28.39
11/1/2016 16:00:00,27.87
11/2/2016 16:00:00,27.9
11/3/2016 16:00:00,27.46
11/4/2016 16:00:00,27.21
11/7/2016 16:00:00,27.6
11/8/2016 16:00:00,27.77
11/9/2016 16:00:00,27.72
11/10/2016 16:00:00,26.95
11/11/2016 16:00:00,27.11
11/14/2016 16:00:00,26.43
11/15/2016 16:00:00,26.78
11/16/2016 16:00:00,27.5
11/17/2016 16:00:00,27.49
11/18/2016 16:00:00,27.52
11/21/2016 16:00:00,27.93
11/22/2016 16:00:00,27.95
11/23/2016 16:00:00,27.81
11/25/2016 16:00:00,27.95
11/28/2016 16:00:00,27.89
11/29/2016 16:00:00,27.87
11/30/2016 16:00:00,27.63
12/1/2016 16:00:00,27.37
12/2/2016 16:00:00,27.48
12/5/2016 16:00:00,27.28
12/6/2016 16:00:00,27.49
12/7/2016 16:00:00,27.76
12/8/2016 16:00:00,28.03
12/9/2016 16:00:00,28.49
12/12/2016 16:00:00,28.33
12/13/2016 16:00:00,28.8
12/14/2016 16:00:00,28.8
12/15/2016 16:00:00,28.96
12/16/2016 16:00:00,28.99
12/19/2016 16:00:00,29.16
12/20/2016 16:00:00,29.24
12/21/2016 16:00:00,29.27
12/22/2016 16:00:00,29.07
12/23/2016 16:00:00,29.13
12/27/2016 16:00:00,29.32
12/28/2016 16:00:00,29.19
12/29/2016 16:00:00,29.18
12/30/2016 16:00:00,28.96
1/3/2017 16:00:00,29.04
1/4/2017 16:00:00,29.01
1/5/2017 16:00:00,29.15
1/6/2017 16:00:00,29.48
1/9/2017 16:00:00,29.75
1/10/2017 16:00:00,29.78
1/11/2017 16:00:00,29.94
1/12/2017 16:00:00,29.81
1/13/2017 16:00:00,29.76
1/17/2017 16:00:00,30
1/18/2017 16:00:00,30
1/19/2017 16:00:00,29.95
1/20/2017 16:00:00,30
1/23/2017 16:00:00,30.02
1/24/2017 16:00:00,29.99
1/25/2017 16:00:00,30.47
1/26/2017 16:00:00,30.49
1/27/2017 16:00:00,30.49
1/30/2017 16:00:00,30.41
1/31/2017 16:00:00,30.34
2/1/2017 16:00:00,32.19
2/2/2017 16:00:00,32.13
2/3/2017 16:00:00,32.27
2/6/2017 16:00:00,32.57
2/7/2017 16:00:00,32.88
2/8/2017 16:00:00,33.01
2/9/2017 16:00:00,33.1
2/10/2017 16:00:00,33.03
2/13/2017 16:00:00,33.32
2/14/2017 16:00:00,33.76
2/15/2017 16:00:00,33.88
2/16/2017 16:00:00,33.84
2/17/2017 16:00:00,33.93
2/21/2017 16:00:00,34.17
2/22/2017 16:00:00,34.28
2/23/2017 16:00:00,34.13
2/24/2017 16:00:00,34.17
2/27/2017 16:00:00,34.23
2/28/2017 16:00:00,34.25
3/1/2017 16:00:00,34.95
3/2/2017 16:00:00,34.74
3/3/2017 16:00:00,34.95
3/6/2017 16:00:00,34.84
3/7/2017 16:00:00,34.88
3/8/2017 16:00:00,34.75
3/9/2017 16:00:00,34.67
3/10/2017 16:00:00,34.78
3/13/2017 16:00:00,34.8
3/14/2017 16:00:00,34.75
3/15/2017 16:00:00,35.12
3/16/2017 16:00:00,35.17
3/17/2017 16:00:00,35
3/20/2017 16:00:00,35.37
3/21/2017 16:00:00,34.96
3/22/2017 16:00:00,35.35
3/23/2017 16:00:00,35.23
3/24/2017 16:00:00,35.16
3/27/2017 16:00:00,35.22
3/28/2017 16:00:00,35.95
3/29/2017 16:00:00,36.03
3/30/2017 16:00:00,35.98
3/31/2017 16:00:00,35.92
4/3/2017 16:00:00,35.92
4/4/2017 16:00:00,36.19
4/5/2017 16:00:00,36.01
4/6/2017 16:00:00,35.92
4/7/2017 16:00:00,35.84
4/10/2017 16:00:00,35.79
4/11/2017 16:00:00,35.41
4/12/2017 16:00:00,35.45
4/13/2017 16:00:00,35.26
4/17/2017 16:00:00,35.46
4/18/2017 16:00:00,35.3
4/19/2017 16:00:00,35.17
4/20/2017 16:00:00,35.61
4/21/2017 16:00:00,35.57
4/24/2017 16:00:00,35.91
4/25/2017 16:00:00,36.13
4/26/2017 16:00:00,35.92
4/27/2017 16:00:00,35.95
4/28/2017 16:00:00,35.91
5/1/2017 16:00:00,36.65
5/2/2017 16:00:00,36.88
5/3/2017 16:00:00,36.77
5/4/2017 16:00:00,36.63
5/5/2017 16:00:00,37.24
5/8/2017 16:00:00,38.25
5/9/2017 16:00:00,38.5
5/10/2017 16:00:00,38.32
5/11/2017 16:00:00,38.49
5/12/2017 16:00:00,39.03
5/15/2017 16:00:00,38.92
5/16/2017 16:00:00,38.87
5/17/2017 16:00:00,37.56
5/18/2017 16:00:00,38.14
5/19/2017 16:00:00,38.27
5/22/2017 16:00:00,38.5
5/23/2017 16:00:00,38.45
5/24/2017 16:00:00,38.34
5/25/2017 16:00:00,38.47
5/26/2017 16:00:00,38.4
5/30/2017 16:00:00,38.42
5/31/2017 16:00:00,38.19
6/1/2017 16:00:00,38.3
6/2/2017 16:00:00,38.86
6/5/2017 16:00:00,38.48
6/6/2017 16:00:00,38.61
6/7/2017 16:00:00,38.84
6/8/2017 16:00:00,38.75
6/9/2017 16:00:00,37.24
6/12/2017 16:00:00,36.35
6/13/2017 16:00:00,36.65
6/14/2017 16:00:00,36.29
6/15/2017 16:00:00,36.07
6/16/2017 16:00:00,35.57
6/19/2017 16:00:00,36.59
6/20/2017 16:00:00,36.25
6/21/2017 16:00:00,36.47
6/22/2017 16:00:00,36.41
6/23/2017 16:00:00,36.57
6/26/2017 16:00:00,36.46
6/27/2017 16:00:00,35.93
6/28/2017 16:00:00,36.46
6/29/2017 16:00:00,35.92
6/30/2017 16:00:00,36.01
7/3/2017 16:00:00,35.88
7/5/2017 16:00:00,36.02
7/6/2017 16:00:00,35.68
7/7/2017 16:00:00,36.05
7/10/2017 16:00:00,36.27
7/11/2017 16:00:00,36.38
7/12/2017 16:00:00,36.44
7/13/2017 16:00:00,36.94
7/14/2017 16:00:00,37.26
7/17/2017 16:00:00,37.39
7/18/2017 16:00:00,37.52
7/19/2017 16:00:00,37.76
7/20/2017 16:00:00,37.59
7/21/2017 16:00:00,37.57
7/24/2017 16:00:00,38.02
7/25/2017 16:00:00,38.19
7/26/2017 16:00:00,38.37
7/27/2017 16:00:00,37.64
7/28/2017 16:00:00,37.38
7/31/2017 16:00:00,37.18
8/1/2017 16:00:00,37.51
8/2/2017 16:00:00,39.28
8/3/2017 16:00:00,38.89
8/4/2017 16:00:00,39.1
8/7/2017 16:00:00,39.7
8/8/2017 16:00:00,40.02
8/9/2017 16:00:00,40.27
8/10/2017 16:00:00,38.83
8/11/2017 16:00:00,39.37
8/14/2017 16:00:00,39.96
8/15/2017 16:00:00,40.4
8/16/2017 16:00:00,40.24
8/17/2017 16:00:00,39.47
8/18/2017 16:00:00,39.38
8/21/2017 16:00:00,39.3
8/22/2017 16:00:00,39.95
8/23/2017 16:00:00,39.99
8/24/2017 16:00:00,39.82
8/25/2017 16:00:00,39.97
8/28/2017 16:00:00,40.37
8/29/2017 16:00:00,40.73
8/30/2017 16:00:00,40.84
8/31/2017 16:00:00,41
9/1/2017 16:00:00,41.01
9/5/2017 16:00:00,40.52
9/6/2017 16:00:00,40.48
9/7/2017 16:00:00,40.32
9/8/2017 16:00:00,39.66
9/11/2017 16:00:00,40.38
9/12/2017 16:00:00,40.22
9/13/2017 16:00:00,39.91
9/14/2017 16:00:00,39.57
9/15/2017 16:00:00,39.97
9/18/2017 16:00:00,39.67
9/19/2017 16:00:00,39.68
9/20/2017 16:00:00,39.02
9/21/2017 16:00:00,38.35
9/22/2017 16:00:00,37.97
9/25/2017 16:00:00,37.64
9/26/2017 16:00:00,38.28
9/27/2017 16:00:00,38.56
9/28/2017 16:00:00,38.32
9/29/2017 16:00:00,38.53
10/2/2017 16:00:00,38.45
10/3/2017 16:00:00,38.62
10/4/2017 16:00:00,38.37
10/5/2017 16:00:00,38.85
10/6/2017 16:00:00,38.83
10/9/2017 16:00:00,38.96
10/10/2017 16:00:00,38.98
10/11/2017 16:00:00,39.14
10/12/2017 16:00:00,39
10/13/2017 16:00:00,39.25
10/16/2017 16:00:00,39.97
10/17/2017 16:00:00,40.12
10/18/2017 16:00:00,39.94
10/19/2017 16:00:00,38.99
10/20/2017 16:00:00,39.06
10/23/2017 16:00:00,39.04
10/24/2017 16:00:00,39.28
10/25/2017 16:00:00,39.1
10/26/2017 16:00:00,39.35
10/27/2017 16:00:00,40.76
10/30/2017 16:00:00,41.68
10/31/2017 16:00:00,42.26
11/1/2017 16:00:00,41.72
11/2/2017 16:00:00,42.03
11/3/2017 16:00:00,43.13
11/6/2017 16:00:00,43.56
11/7/2017 16:00:00,43.7
11/8/2017 16:00:00,44.06
11/9/2017 16:00:00,43.97
11/10/2017 16:00:00,43.67
11/13/2017 16:00:00,43.49
11/14/2017 16:00:00,42.84
11/15/2017 16:00:00,42.27
11/16/2017 16:00:00,42.78
11/17/2017 16:00:00,42.54
11/20/2017 16:00:00,42.5
11/21/2017 16:00:00,43.29
11/22/2017 16:00:00,43.74
11/24/2017 13:00:00,43.74
11/27/2017 16:00:00,43.52
11/28/2017 16:00:00,43.27
11/29/2017 16:00:00,42.37
11/30/2017 16:00:00,42.96
12/1/2017 16:00:00,42.76
12/4/2017 16:00:00,42.45
12/5/2017 16:00:00,42.41
12/6/2017 16:00:00,42.25
12/7/2017 16:00:00,42.33
12/8/2017 16:00:00,42.34
12/11/2017 16:00:00,43.17
12/12/2017 16:00:00,42.93
12/13/2017 16:00:00,43.07
12/14/2017 16:00:00,43.06
12/15/2017 16:00:00,43.49
12/18/2017 16:00:00,44.11
12/19/2017 16:00:00,43.64
12/20/2017 16:00:00,43.59
12/21/2017 16:00:00,43.75
12/22/2017 16:00:00,43.75
12/26/2017 16:00:00,42.64
12/27/2017 16:00:00,42.65
12/28/2017 16:00:00,42.77
12/29/2017 16:00:00,42.31
1/2/2018 16:00:00,43.07
1/3/2018 16:00:00,43.06
1/4/2018 16:00:00,43.26
1/5/2018 16:00:00,43.75
1/8/2018 16:00:00,43.59
1/9/2018 16:00:00,43.58
1/10/2018 16:00:00,43.57
1/11/2018 16:00:00,43.82
1/12/2018 16:00:00,44.27
1/16/2018 16:00:00,44.05
1/17/2018 16:00:00,44.78
1/18/2018 16:00:00,44.82
1/19/2018 16:00:00,44.62
1/22/2018 16:00:00,44.25
1/23/2018 16:00:00,44.26
1/24/2018 16:00:00,43.56
1/25/2018 16:00:00,42.78
1/26/2018 16:00:00,42.88
1/29/2018 16:00:00,41.99
1/30/2018 16:00:00,41.74
1/31/2018 16:00:00,41.86
2/1/2018 16:00:00,41.95
2/2/2018 16:00:00,40.13
2/5/2018 16:00:00,39.12
2/6/2018 16:00:00,40.76
2/7/2018 16:00:00,39.89
2/8/2018 16:00:00,38.79
2/9/2018 16:00:00,39.1
2/12/2018 16:00:00,40.68
2/13/2018 16:00:00,41.09
2/14/2018 16:00:00,41.84
2/15/2018 16:00:00,43.25
2/16/2018 16:00:00,43.11
2/20/2018 16:00:00,42.96
2/21/2018 16:00:00,42.77
2/22/2018 16:00:00,43.13
2/23/2018 16:00:00,43.88
2/26/2018 16:00:00,44.74
2/27/2018 16:00:00,44.6
2/28/2018 16:00:00,44.53
3/1/2018 16:00:00,43.75
3/2/2018 16:00:00,44.05
3/5/2018 16:00:00,44.21
3/6/2018 16:00:00,44.17
3/7/2018 16:00:00,43.76
3/8/2018 16:00:00,44.24
3/9/2018 16:00:00,45
3/12/2018 16:00:00,45.43
3/13/2018 16:00:00,44.99
3/14/2018 16:00:00,44.61
3/15/2018 16:00:00,44.66
3/16/2018 16:00:00,44.51
3/19/2018 16:00:00,43.83
3/20/2018 16:00:00,43.81
3/21/2018 16:00:00,42.82
3/22/2018 16:00:00,42.21
3/23/2018 16:00:00,41.24
3/26/2018 16:00:00,43.19
3/27/2018 16:00:00,42.09
3/28/2018 16:00:00,41.62
3/29/2018 16:00:00,41.95
4/2/2018 16:00:00,41.67
4/3/2018 16:00:00,42.1
4/4/2018 16:00:00,42.9
4/5/2018 16:00:00,43.2
4/6/2018 16:00:00,42.1
4/9/2018 16:00:00,42.51
4/10/2018 16:00:00,43.31
4/11/2018 16:00:00,43.11
4/12/2018 16:00:00,43.54
4/13/2018 16:00:00,43.68
4/16/2018 16:00:00,43.96
4/17/2018 16:00:00,44.56
4/18/2018 16:00:00,44.46
4/19/2018 16:00:00,43.2
4/20/2018 16:00:00,41.43
4/23/2018 16:00:00,41.31
4/24/2018 16:00:00,40.74
4/25/2018 16:00:00,40.91
4/26/2018 16:00:00,41.06
4/27/2018 16:00:00,40.58
4/30/2018 16:00:00,41.32
5/1/2018 16:00:00,42.28
5/2/2018 16:00:00,44.14
5/3/2018 16:00:00,44.22
5/4/2018 16:00:00,45.96
5/7/2018 16:00:00,46.29
5/8/2018 16:00:00,46.51
5/9/2018 16:00:00,46.84
5/10/2018 16:00:00,47.51
5/11/2018 16:00:00,47.15
5/14/2018 16:00:00,47.04
5/15/2018 16:00:00,46.61
5/16/2018 16:00:00,47.05
5/17/2018 16:00:00,46.75
5/18/2018 16:00:00,46.58
5/21/2018 16:00:00,46.91
5/22/2018 16:00:00,46.79
5/23/2018 16:00:00,47.09
5/24/2018 16:00:00,47.04
5/25/2018 16:00:00,47.15
5/29/2018 16:00:00,46.98
5/30/2018 16:00:00,46.88
5/31/2018 16:00:00,46.88
6/1/2018 16:00:00,47.56
6/4/2018 16:00:00,47.96
6/5/2018 16:00:00,48.33
6/6/2018 16:00:00,48.5
6/7/2018 16:00:00,48.37
6/8/2018 16:00:00,47.93
6/11/2018 16:00:00,47.81
6/12/2018 16:00:00,48.07
6/13/2018 16:00:00,47.68
6/14/2018 16:00:00,47.7
6/15/2018 16:00:00,47.21
6/18/2018 16:00:00,47.19
6/19/2018 16:00:00,46.42
6/20/2018 16:00:00,46.63
6/21/2018 16:00:00,46.37
6/22/2018 16:00:00,46.23
6/25/2018 16:00:00,45.54
6/26/2018 16:00:00,46.11
6/27/2018 16:00:00,46.04
6/28/2018 16:00:00,46.38
6/29/2018 16:00:00,46.28
7/2/2018 16:00:00,46.8
7/3/2018 13:00:00,45.98
7/5/2018 16:00:00,46.35
7/6/2018 16:00:00,46.99
7/9/2018 16:00:00,47.65
7/10/2018 16:00:00,47.59
7/11/2018 16:00:00,46.97
7/12/2018 16:00:00,47.76
7/13/2018 16:00:00,47.83
7/16/2018 16:00:00,47.73
7/17/2018 16:00:00,47.86
7/18/2018 16:00:00,47.6
7/19/2018 16:00:00,47.97
7/20/2018 16:00:00,47.86
7/23/2018 16:00:00,47.86
7/24/2018 16:00:00,48.25
7/25/2018 16:00:00,48.71
7/26/2018 16:00:00,48.55
7/27/2018 16:00:00,47.75
7/30/2018 16:00:00,47.48
7/31/2018 16:00:00,47.57
8/1/2018 16:00:00,50.38
8/2/2018 16:00:00,51.85
8/3/2018 16:00:00,52
8/6/2018 16:00:00,52.27
8/7/2018 16:00:00,51.78
8/8/2018 16:00:00,51.81
8/9/2018 16:00:00,52.22
8/10/2018 16:00:00,51.88
8/13/2018 16:00:00,52.22
8/14/2018 16:00:00,52.44
8/15/2018 16:00:00,52.56
8/16/2018 16:00:00,53.33
8/17/2018 16:00:00,54.4
8/20/2018 16:00:00,53.87
8/21/2018 16:00:00,53.76
8/22/2018 16:00:00,53.76
8/23/2018 16:00:00,53.87
8/24/2018 16:00:00,54.04
8/27/2018 16:00:00,54.49
8/28/2018 16:00:00,54.93
8/29/2018 16:00:00,55.75
8/30/2018 16:00:00,56.26
8/31/2018 16:00:00,56.91
9/4/2018 16:00:00,57.09
9/5/2018 16:00:00,56.72
9/6/2018 16:00:00,55.78
9/7/2018 16:00:00,55.33
9/10/2018 16:00:00,54.58
9/11/2018 16:00:00,55.96
9/12/2018 16:00:00,55.27
9/13/2018 16:00:00,56.6
9/14/2018 16:00:00,55.96
9/17/2018 16:00:00,54.47
9/18/2018 16:00:00,54.56
9/19/2018 16:00:00,54.59
9/20/2018 16:00:00,55.01
9/21/2018 16:00:00,54.42
9/24/2018 16:00:00,55.2
9/25/2018 16:00:00,55.55
9/26/2018 16:00:00,55.11
9/27/2018 16:00:00,56.24
9/28/2018 16:00:00,56.44
10/1/2018 16:00:00,56.82
10/2/2018 16:00:00,57.32
10/3/2018 16:00:00,58.02
10/4/2018 16:00:00,57
10/5/2018 16:00:00,56.07
10/8/2018 16:00:00,55.94
10/9/2018 16:00:00,56.72
10/10/2018 16:00:00,54.09
10/11/2018 16:00:00,53.61
10/12/2018 16:00:00,55.53
10/15/2018 16:00:00,54.34
10/16/2018 16:00:00,55.54
10/17/2018 16:00:00,55.3
10/18/2018 16:00:00,54.01
10/19/2018 16:00:00,54.83
10/22/2018 16:00:00,55.16
10/23/2018 16:00:00,55.68
10/24/2018 16:00:00,53.77
10/25/2018 16:00:00,54.95
10/26/2018 16:00:00,54.08
10/29/2018 16:00:00,53.06
10/30/2018 16:00:00,53.33
10/31/2018 16:00:00,54.72
11/1/2018 16:00:00,55.56
11/2/2018 16:00:00,51.87
11/5/2018 16:00:00,50.4
11/6/2018 16:00:00,50.94
11/7/2018 16:00:00,52.49
11/8/2018 16:00:00,52.12
11/9/2018 16:00:00,51.12
11/12/2018 16:00:00,48.54
11/13/2018 16:00:00,48.06
11/14/2018 16:00:00,46.7
11/15/2018 16:00:00,47.85
11/16/2018 16:00:00,48.38
11/19/2018 16:00:00,46.47
11/20/2018 16:00:00,44.25
11/21/2018 16:00:00,44.2
11/23/2018 13:00:00,43.07
11/26/2018 16:00:00,43.66
11/27/2018 16:00:00,43.56
11/28/2018 16:00:00,45.24
11/29/2018 16:00:00,44.89
11/30/2018 16:00:00,44.65
12/3/2018 16:00:00,46.21
12/4/2018 16:00:00,44.17
12/6/2018 16:00:00,43.68
12/7/2018 16:00:00,42.12
12/10/2018 16:00:00,42.4
12/11/2018 16:00:00,42.16
12/12/2018 16:00:00,42.28
12/13/2018 16:00:00,42.74
12/14/2018 16:00:00,41.37
12/17/2018 16:00:00,40.99
12/18/2018 16:00:00,41.52
12/19/2018 16:00:00,40.22
12/20/2018 16:00:00,39.21
12/21/2018 16:00:00,37.68
12/24/2018 13:00:00,36.71
12/26/2018 16:00:00,39.29
12/27/2018 16:00:00,39.04
12/28/2018 16:00:00,39.06
12/31/2018 16:00:00,39.44
1/2/2019 16:00:00,39.48
1/3/2019 16:00:00,35.55
1/4/2019 16:00:00,37.07
1/7/2019 16:00:00,36.98
1/8/2019 16:00:00,37.69
1/9/2019 16:00:00,38.33
1/10/2019 16:00:00,38.45
1/11/2019 16:00:00,38.07
1/14/2019 16:00:00,37.5
1/15/2019 16:00:00,38.27
1/16/2019 16:00:00,38.74
1/17/2019 16:00:00,38.97
1/18/2019 16:00:00,39.21
1/22/2019 16:00:00,38.33
1/23/2019 16:00:00,38.48
1/24/2019 16:00:00,38.17
1/25/2019 16:00:00,39.44
1/28/2019 16:00:00,39.08
1/29/2019 16:00:00,38.67
1/30/2019 16:00:00,41.31
1/31/2019 16:00:00,41.61
2/1/2019 16:00:00,41.63
2/4/2019 16:00:00,42.81
2/5/2019 16:00:00,43.55
2/6/2019 16:00:00,43.56
2/7/2019 16:00:00,42.74
2/8/2019 16:00:00,42.6
2/11/2019 16:00:00,42.36
2/12/2019 16:00:00,42.72
2/13/2019 16:00:00,42.55
2/14/2019 16:00:00,42.7
2/15/2019 16:00:00,42.61
2/19/2019 16:00:00,42.73
2/20/2019 16:00:00,43.01
2/21/2019 16:00:00,42.77
2/22/2019 16:00:00,43.24
2/25/2019 16:00:00,43.56
2/26/2019 16:00:00,43.58
2/27/2019 16:00:00,43.72
2/28/2019 16:00:00,43.29
3/1/2019 16:00:00,43.74
3/4/2019 16:00:00,43.96
3/5/2019 16:00:00,43.88
3/6/2019 16:00:00,43.63
3/7/2019 16:00:00,43.13
3/8/2019 16:00:00,43.23
3/11/2019 16:00:00,44.73
3/12/2019 16:00:00,45.23
3/13/2019 16:00:00,45.43
3/14/2019 16:00:00,45.93
3/15/2019 16:00:00,46.53
3/18/2019 16:00:00,47.01
3/19/2019 16:00:00,46.63
3/20/2019 16:00:00,47.04
3/21/2019 16:00:00,48.77
3/22/2019 16:00:00,47.76
3/25/2019 16:00:00,47.19
3/26/2019 16:00:00,46.7
3/27/2019 16:00:00,47.12
3/28/2019 16:00:00,47.18
3/29/2019 16:00:00,47.49
4/1/2019 16:00:00,47.81
4/2/2019 16:00:00,48.51
4/3/2019 16:00:00,48.84
4/4/2019 16:00:00,48.92
4/5/2019 16:00:00,49.25
4/8/2019 16:00:00,50.03
4/9/2019 16:00:00,49.88
4/10/2019 16:00:00,50.16
4/11/2019 16:00:00,49.74
4/12/2019 16:00:00,49.72
4/15/2019 16:00:00,49.81
4/16/2019 16:00:00,49.81
4/17/2019 16:00:00,50.78
4/18/2019 16:00:00,50.97
4/22/2019 16:00:00,51.13
4/23/2019 16:00:00,51.87
4/24/2019 16:00:00,51.79
4/25/2019 16:00:00,51.32
4/26/2019 16:00:00,51.08
4/29/2019 16:00:00,51.15
4/30/2019 16:00:00,50.17
5/1/2019 16:00:00,52.63
5/2/2019 16:00:00,52.29
5/3/2019 16:00:00,52.94
5/6/2019 16:00:00,52.12
5/7/2019 16:00:00,50.72
5/8/2019 16:00:00,50.73
5/9/2019 16:00:00,50.18
5/10/2019 16:00:00,49.3
5/13/2019 16:00:00,46.43
5/14/2019 16:00:00,47.17
5/15/2019 16:00:00,47.73
5/16/2019 16:00:00,47.52
5/17/2019 16:00:00,47.25
5/20/2019 16:00:00,45.77
5/21/2019 16:00:00,46.65
5/22/2019 16:00:00,45.7
5/23/2019 16:00:00,44.92
5/24/2019 16:00:00,44.74
5/28/2019 16:00:00,44.56
5/29/2019 16:00:00,44.35
5/30/2019 16:00:00,44.58
5/31/2019 16:00:00,43.77
6/3/2019 16:00:00,43.33
6/4/2019 16:00:00,44.91
6/5/2019 16:00:00,45.64
6/6/2019 16:00:00,46.31
6/7/2019 16:00:00,47.54
6/10/2019 16:00:00,48.15
6/11/2019 16:00:00,48.7
6/12/2019 16:00:00,48.55
6/13/2019 16:00:00,48.54
6/14/2019 16:00:00,48.19
6/17/2019 16:00:00,48.47
6/18/2019 16:00:00,49.61
6/19/2019 16:00:00,49.47
6/20/2019 16:00:00,49.87
6/21/2019 16:00:00,49.7
6/24/2019 16:00:00,49.65
6/25/2019 16:00:00,48.89
6/26/2019 16:00:00,49.95
6/27/2019 16:00:00,49.94
6/28/2019 16:00:00,49.48
7/1/2019 16:00:00,50.39
7/2/2019 16:00:00,50.68
7/3/2019 13:00:00,51.1
7/5/2019 16:00:00,51.06
7/8/2019 16:00:00,50.01
7/9/2019 16:00:00,50.31
7/10/2019 16:00:00,50.81
7/11/2019 16:00:00,50.44
7/12/2019 16:00:00,50.83
7/15/2019 16:00:00,51.3
7/16/2019 16:00:00,51.13
7/17/2019 16:00:00,50.84
7/18/2019 16:00:00,51.42
7/19/2019 16:00:00,50.65
7/22/2019 16:00:00,51.81
7/23/2019 16:00:00,52.21
7/24/2019 16:00:00,52.17
7/25/2019 16:00:00,51.76
7/26/2019 16:00:00,51.94
7/29/2019 16:00:00,52.42
7/30/2019 16:00:00,52.2
7/31/2019 16:00:00,53.26
8/1/2019 16:00:00,52.11
8/2/2019 16:00:00,51.01
8/5/2019 16:00:00,48.34
8/6/2019 16:00:00,49.25
8/7/2019 16:00:00,49.76
8/8/2019 16:00:00,50.86
8/9/2019 16:00:00,50.25
8/12/2019 16:00:00,50.12
8/13/2019 16:00:00,52.24
8/14/2019 16:00:00,50.69
8/15/2019 16:00:00,50.44
8/16/2019 16:00:00,51.63
8/19/2019 16:00:00,52.59
8/20/2019 16:00:00,52.59
8/21/2019 16:00:00,53.16
8/22/2019 16:00:00,53.12
8/23/2019 16:00:00,50.66
8/26/2019 16:00:00,51.62
8/27/2019 16:00:00,51.04
8/28/2019 16:00:00,51.38
8/29/2019 16:00:00,52.25
8/30/2019 16:00:00,52.19
9/3/2019 16:00:00,51.43
9/4/2019 16:00:00,52.3
9/5/2019 16:00:00,53.32
9/6/2019 16:00:00,53.32
9/9/2019 16:00:00,53.54
9/10/2019 16:00:00,54.18
9/11/2019 16:00:00,55.9
9/12/2019 16:00:00,55.77
9/13/2019 16:00:00,54.69
9/16/2019 16:00:00,54.98
9/17/2019 16:00:00,55.18
9/18/2019 16:00:00,55.69
9/19/2019 16:00:00,55.24
9/20/2019 16:00:00,54.43
9/23/2019 16:00:00,54.68
9/24/2019 16:00:00,54.42
9/25/2019 16:00:00,55.26
9/26/2019 16:00:00,54.97
9/27/2019 16:00:00,54.71
9/30/2019 16:00:00,55.99
10/1/2019 16:00:00,56.15
10/2/2019 16:00:00,54.74
10/3/2019 16:00:00,55.21
10/4/2019 16:00:00,56.75
10/7/2019 16:00:00,56.77
10/8/2019 16:00:00,56.1
10/9/2019 16:00:00,56.76
10/10/2019 16:00:00,57.52
10/11/2019 16:00:00,59.05
10/14/2019 16:00:00,58.97
10/15/2019 16:00:00,58.83
10/16/2019 16:00:00,58.59
10/17/2019 16:00:00,58.82
10/18/2019 16:00:00,59.1
10/21/2019 16:00:00,60.13
10/22/2019 16:00:00,59.99
10/23/2019 16:00:00,60.8
10/24/2019 16:00:00,60.9
10/25/2019 16:00:00,61.65
10/28/2019 16:00:00,62.26
10/29/2019 16:00:00,60.82
10/30/2019 16:00:00,60.82
10/31/2019 16:00:00,62.19
11/1/2019 16:00:00,63.96
11/4/2019 16:00:00,64.38
11/5/2019 16:00:00,64.28
11/6/2019 16:00:00,64.31
11/7/2019 16:00:00,64.86
11/8/2019 16:00:00,65.04
11/11/2019 16:00:00,65.55
11/12/2019 16:00:00,65.49
11/13/2019 16:00:00,66.12
11/14/2019 16:00:00,65.66
11/15/2019 16:00:00,66.44
11/18/2019 16:00:00,66.78
11/19/2019 16:00:00,66.57
11/20/2019 16:00:00,65.8
11/21/2019 16:00:00,65.5
11/22/2019 16:00:00,65.44
11/25/2019 16:00:00,66.59
11/26/2019 16:00:00,66.07
11/27/2019 16:00:00,66.96
11/29/2019 13:00:00,66.81
12/2/2019 16:00:00,66.04
12/3/2019 16:00:00,64.86
12/4/2019 16:00:00,65.44
12/5/2019 16:00:00,66.4
12/6/2019 16:00:00,67.68
12/9/2019 16:00:00,66.73
12/10/2019 16:00:00,67.12
12/11/2019 16:00:00,67.69
12/12/2019 16:00:00,67.86
12/13/2019 16:00:00,68.79
12/16/2019 16:00:00,69.97
12/17/2019 16:00:00,70.1
12/18/2019 16:00:00,69.94
12/19/2019 16:00:00,70.01
12/20/2019 16:00:00,69.86
12/23/2019 16:00:00,71
12/24/2019 13:00:00,71.07
12/26/2019 16:00:00,72.48
12/27/2019 16:00:00,72.45
12/30/2019 16:00:00,72.88
12/31/2019 16:00:00,73.41
1/2/2020 16:00:00,75.09
1/3/2020 16:00:00,74.36
1/6/2020 16:00:00,74.95
1/7/2020 16:00:00,74.6
1/8/2020 16:00:00,75.8
1/9/2020 16:00:00,77.41
1/10/2020 16:00:00,77.58
1/13/2020 16:00:00,79.24
1/14/2020 16:00:00,78.17
1/15/2020 16:00:00,77.83
1/16/2020 16:00:00,78.81
1/17/2020 16:00:00,79.68
1/21/2020 16:00:00,79.14
1/22/2020 16:00:00,79.43
1/23/2020 16:00:00,79.81
1/24/2020 16:00:00,79.58
1/27/2020 16:00:00,77.24
1/28/2020 16:00:00,79.42
1/29/2020 16:00:00,81.08
1/30/2020 16:00:00,80.97
1/31/2020 16:00:00,77.38
2/3/2020 16:00:00,77.17
2/4/2020 16:00:00,79.71
2/5/2020 16:00:00,80.36
2/6/2020 16:00:00,81.3
2/7/2020 16:00:00,80.01
2/10/2020 16:00:00,80.39
2/11/2020 16:00:00,79.9
2/12/2020 16:00:00,81.8
2/13/2020 16:00:00,81.22
2/14/2020 16:00:00,81.24
2/18/2020 16:00:00,79.75
2/19/2020 16:00:00,80.91
2/20/2020 16:00:00,80.08
2/21/2020 16:00:00,78.26
2/24/2020 16:00:00,74.55
2/25/2020 16:00:00,72.02
2/26/2020 16:00:00,73.16
2/27/2020 16:00:00,68.38
2/28/2020 16:00:00,68.34
3/2/2020 16:00:00,74.7
3/3/2020 16:00:00,72.33
3/4/2020 16:00:00,75.69
3/5/2020 16:00:00,73.23
3/6/2020 16:00:00,72.26
3/9/2020 16:00:00,66.54
3/10/2020 16:00:00,71.33
3/11/2020 16:00:00,68.86
3/12/2020 16:00:00,62.06
3/13/2020 16:00:00,69.49
3/16/2020 16:00:00,60.55
3/17/2020 16:00:00,63.22
3/18/2020 16:00:00,61.67
3/19/2020 16:00:00,61.2
3/20/2020 16:00:00,57.31
3/23/2020 16:00:00,56.09
3/24/2020 16:00:00,61.72
3/25/2020 16:00:00,61.38
3/26/2020 16:00:00,64.61
3/27/2020 16:00:00,61.94
3/30/2020 16:00:00,63.7
3/31/2020 16:00:00,63.57
4/1/2020 16:00:00,60.23
4/2/2020 16:00:00,61.23
4/3/2020 16:00:00,60.35
4/6/2020 16:00:00,65.62
4/7/2020 16:00:00,64.86
4/8/2020 16:00:00,66.52
4/9/2020 16:00:00,67
4/13/2020 16:00:00,68.31
4/14/2020 16:00:00,71.76
4/15/2020 16:00:00,71.11
4/16/2020 16:00:00,71.67
4/17/2020 16:00:00,70.7
4/20/2020 16:00:00,69.23
4/21/2020 16:00:00,67.09
4/22/2020 16:00:00,69.03
4/23/2020 16:00:00,68.76
4/24/2020 16:00:00,70.74
4/27/2020 16:00:00,70.79
4/28/2020 16:00:00,69.65
4/29/2020 16:00:00,71.93
4/30/2020 16:00:00,73.45
5/1/2020 16:00:00,72.27
5/4/2020 16:00:00,73.29
5/5/2020 16:00:00,74.39
5/6/2020 16:00:00,75.16
5/7/2020 16:00:00,75.94
5/8/2020 16:00:00,77.53
5/11/2020 16:00:00,78.75
5/12/2020 16:00:00,77.85
5/13/2020 16:00:00,76.91
5/14/2020 16:00:00,77.39
5/15/2020 16:00:00,76.93
5/18/2020 16:00:00,78.74
5/19/2020 16:00:00,78.29
5/20/2020 16:00:00,79.81
5/21/2020 16:00:00,79.21
5/22/2020 16:00:00,79.72
5/26/2020 16:00:00,79.18
5/27/2020 16:00:00,79.53
5/28/2020 16:00:00,79.56
5/29/2020 16:00:00,79.49
6/1/2020 16:00:00,80.46
6/2/2020 16:00:00,80.83
6/3/2020 16:00:00,81.28
6/4/2020 16:00:00,80.58
6/5/2020 16:00:00,82.88
6/8/2020 16:00:00,83.37
6/9/2020 16:00:00,86
6/10/2020 16:00:00,88.21
6/11/2020 16:00:00,83.98
6/12/2020 16:00:00,84.7
6/15/2020 16:00:00,85.75
6/16/2020 16:00:00,88.02
6/17/2020 16:00:00,87.9
6/18/2020 16:00:00,87.93
6/19/2020 16:00:00,87.43
6/22/2020 16:00:00,89.72
6/23/2020 16:00:00,91.63
6/24/2020 16:00:00,90.02
6/25/2020 16:00:00,91.21
6/26/2020 16:00:00,88.41
6/29/2020 16:00:00,90.45
6/30/2020 16:00:00,91.2
7/1/2020 16:00:00,91.03
7/2/2020 16:00:00,91.03
7/6/2020 16:00:00,93.46
7/7/2020 16:00:00,93.17
7/8/2020 16:00:00,95.34
7/9/2020 16:00:00,95.68
7/10/2020 16:00:00,95.92
7/13/2020 16:00:00,95.48
7/14/2020 16:00:00,97.06
7/15/2020 16:00:00,97.73
7/16/2020 16:00:00,96.52
7/17/2020 16:00:00,96.33
7/20/2020 16:00:00,98.36
7/21/2020 16:00:00,97
7/22/2020 16:00:00,97.27
7/23/2020 16:00:00,92.85
7/24/2020 16:00:00,92.62
7/27/2020 16:00:00,94.81
7/28/2020 16:00:00,93.25
7/29/2020 16:00:00,95.04
7/30/2020 16:00:00,96.19
7/31/2020 16:00:00,106.26
8/3/2020 16:00:00,108.94
8/4/2020 16:00:00,109.67
8/5/2020 16:00:00,110.06
8/6/2020 16:00:00,113.9
8/7/2020 16:00:00,111.11
8/10/2020 16:00:00,112.73
8/11/2020 16:00:00,109.38
8/12/2020 16:00:00,113.01
8/13/2020 16:00:00,115.01
8/14/2020 16:00:00,114.91
8/17/2020 16:00:00,114.61
8/18/2020 16:00:00,115.56
8/19/2020 16:00:00,115.71
8/20/2020 16:00:00,118.28
8/21/2020 16:00:00,124.37
8/24/2020 16:00:00,125.86
8/25/2020 16:00:00,124.83
8/26/2020 16:00:00,126.52
8/27/2020 16:00:00,125.01
8/28/2020 16:00:00,124.81
8/31/2020 16:00:00,129.04
9/1/2020 16:00:00,134.18
9/2/2020 16:00:00,131.4
9/3/2020 16:00:00,120.88
9/4/2020 16:00:00,120.96
9/8/2020 16:00:00,112.82
9/9/2020 16:00:00,117.32
9/10/2020 16:00:00,113.49
9/11/2020 16:00:00,112
9/14/2020 16:00:00,115.36
9/15/2020 16:00:00,115.54
9/16/2020 16:00:00,112.13
9/17/2020 16:00:00,110.34
9/18/2020 16:00:00,106.84
9/21/2020 16:00:00,110.08
9/22/2020 16:00:00,111.81
9/23/2020 16:00:00,107.12
9/24/2020 16:00:00,108.22
9/25/2020 16:00:00,112.28
9/28/2020 16:00:00,114.96
9/29/2020 16:00:00,114.09
9/30/2020 16:00:00,115.81
10/1/2020 16:00:00,116.79
10/2/2020 16:00:00,113.02
10/5/2020 16:00:00,116.5
10/6/2020 16:00:00,113.16
10/7/2020 16:00:00,115.08
10/8/2020 16:00:00,114.97
10/9/2020 16:00:00,116.97
10/12/2020 16:00:00,124.4
10/13/2020 16:00:00,121.1
10/14/2020 16:00:00,121.19
10/15/2020 16:00:00,120.71
10/16/2020 16:00:00,119.02
10/19/2020 16:00:00,115.98
10/20/2020 16:00:00,117.51
10/21/2020 16:00:00,116.87
10/22/2020 16:00:00,115.75
10/23/2020 16:00:00,115.04
10/26/2020 16:00:00,115.05
10/27/2020 16:00:00,116.6
10/28/2020 16:00:00,111.2
10/29/2020 16:00:00,115.32
10/30/2020 16:00:00,108.86
11/2/2020 16:00:00,108.77
11/3/2020 16:00:00,110.44
11/4/2020 16:00:00,114.95
11/5/2020 16:00:00,119.03
11/6/2020 16:00:00,118.69
11/9/2020 16:00:00,116.32
11/10/2020 16:00:00,115.97
11/11/2020 16:00:00,119.49
11/12/2020 16:00:00,119.21
11/13/2020 16:00:00,119.26
11/16/2020 16:00:00,120.3
11/17/2020 16:00:00,119.39
11/18/2020 16:00:00,118.03
11/19/2020 16:00:00,118.64
11/20/2020 16:00:00,117.34
11/23/2020 16:00:00,113.85
11/24/2020 16:00:00,115.17
11/25/2020 16:00:00,116.03
11/27/2020 13:00:00,116.59
11/30/2020 16:00:00,119.05
12/1/2020 16:00:00,122.72
12/2/2020 16:00:00,123.08
12/3/2020 16:00:00,122.94
12/4/2020 16:00:00,122.25
12/7/2020 16:00:00,123.75
12/8/2020 16:00:00,124.38
12/9/2020 16:00:00,121.78
12/10/2020 16:00:00,123.24
12/11/2020 16:00:00,122.41
12/14/2020 16:00:00,121.78
12/15/2020 16:00:00,127.88
12/16/2020 16:00:00,127.81
12/17/2020 16:00:00,128.7
12/18/2020 16:00:00,126.66
12/21/2020 16:00:00,128.23
12/22/2020 16:00:00,131.88
12/23/2020 16:00:00,130.96
12/24/2020 13:00:00,131.97
12/28/2020 16:00:00,136.69
12/29/2020 16:00:00,134.87
12/30/2020 16:00:00,133.72
12/31/2020 16:00:00,132.69
1/4/2021 16:00:00,129.41
1/5/2021 16:00:00,131.01
1/6/2021 16:00:00,126.6
1/7/2021 16:00:00,130.92
1/8/2021 16:00:00,132.05
1/11/2021 16:00:00,128.98
1/12/2021 16:00:00,128.8
1/13/2021 16:00:00,130.89
1/14/2021 16:00:00,128.91
1/15/2021 16:00:00,127.14
1/19/2021 16:00:00,127.83
1/20/2021 16:00:00,132.03
1/21/2021 16:00:00,136.87
1/22/2021 16:00:00,139.07
1/25/2021 16:00:00,142.92
1/26/2021 16:00:00,143.16
1/27/2021 16:00:00,142.06
1/28/2021 16:00:00,137.09
1/29/2021 16:00:00,131.96
2/1/2021 16:00:00,134.14
2/2/2021 16:00:00,134.99
2/3/2021 16:00:00,133.94
2/4/2021 16:00:00,137.39
2/5/2021 16:00:00,136.76
2/8/2021 16:00:00,136.91
2/9/2021 16:00:00,136.01
2/10/2021 16:00:00,135.39
2/11/2021 16:00:00,135.13
2/12/2021 16:00:00,135.37
2/16/2021 16:00:00,133.19
2/17/2021 16:00:00,130.84
2/18/2021 16:00:00,129.71
2/19/2021 16:00:00,129.87
2/22/2021 16:00:00,126
2/23/2021 16:00:00,125.86
2/24/2021 16:00:00,125.35
2/25/2021 16:00:00,120.99
2/26/2021 16:00:00,121.26
3/1/2021 16:00:00,127.79
3/2/2021 16:00:00,125.12
3/3/2021 16:00:00,122.06
3/4/2021 16:00:00,120.13
3/5/2021 16:00:00,121.42
3/8/2021 16:00:00,116.36
3/9/2021 16:00:00,121.09
3/10/2021 16:00:00,119.98
3/11/2021 16:00:00,121.96
3/12/2021 16:00:00,121.03
3/15/2021 16:00:00,123.99
3/16/2021 16:00:00,125.57
3/17/2021 16:00:00,124.76
3/18/2021 16:00:00,120.53
3/19/2021 16:00:00,119.99
3/22/2021 16:00:00,123.39
3/23/2021 16:00:00,122.54
3/24/2021 16:00:00,120.09
3/25/2021 16:00:00,120.59
3/26/2021 16:00:00,121.21
3/29/2021 16:00:00,121.39
3/30/2021 16:00:00,119.9
3/31/2021 16:00:00,122.15
4/1/2021 16:00:00,123
4/5/2021 16:00:00,125.9
4/6/2021 16:00:00,126.21
4/7/2021 16:00:00,127.9
4/8/2021 16:00:00,130.36
4/9/2021 16:00:00,133
4/12/2021 16:00:00,131.24
4/13/2021 16:00:00,134.43
4/14/2021 16:00:00,132.03
4/15/2021 16:00:00,134.5
4/16/2021 16:00:00,134.16
4/19/2021 16:00:00,134.84
4/20/2021 16:00:00,133.11
4/21/2021 16:00:00,133.5
4/22/2021 16:00:00,131.94
4/23/2021 16:00:00,134.32
4/26/2021 16:00:00,134.72
4/27/2021 16:00:00,134.39
4/28/2021 16:00:00,133.58
4/29/2021 16:00:00,133.48
4/30/2021 16:00:00,131.46
5/3/2021 16:00:00,132.54
5/4/2021 16:00:00,127.85
5/5/2021 16:00:00,128.1
5/6/2021 16:00:00,129.74
5/7/2021 16:00:00,130.21
5/10/2021 16:00:00,126.85
5/11/2021 16:00:00,125.91
5/12/2021 16:00:00,122.77
5/13/2021 16:00:00,124.97
5/14/2021 16:00:00,127.45
5/17/2021 16:00:00,126.27
5/18/2021 16:00:00,124.85
5/19/2021 16:00:00,124.69
5/20/2021 16:00:00,127.31
5/21/2021 16:00:00,125.43
5/24/2021 16:00:00,127.1
5/25/2021 16:00:00,126.9
5/26/2021 16:00:00,126.85
5/27/2021 16:00:00,125.28
5/28/2021 16:00:00,124.61
6/1/2021 16:00:00,124.28
6/2/2021 16:00:00,125.06
6/3/2021 16:00:00,123.54
6/4/2021 16:00:00,125.89
6/7/2021 16:00:00,125.9
6/8/2021 16:00:00,126.74
6/9/2021 16:00:00,127.13
6/10/2021 16:00:00,126.11
6/11/2021 16:00:00,127.35
6/14/2021 16:00:00,130.48
6/15/2021 16:00:00,129.64
6/16/2021 16:00:00,130.15
6/17/2021 16:00:00,131.79
6/18/2021 16:00:00,130.46
6/21/2021 16:00:00,132.3
6/22/2021 16:00:00,133.98
6/23/2021 16:00:00,133.7
6/24/2021 16:00:00,133.41
6/25/2021 16:00:00,133.11
6/28/2021 16:00:00,134.78
6/29/2021 16:00:00,136.33
6/30/2021 16:00:00,136.96
7/1/2021 16:00:00,137.27
7/2/2021 16:00:00,139.96
7/6/2021 16:00:00,142.02
7/7/2021 16:00:00,144.57
7/8/2021 16:00:00,143.24
7/9/2021 16:00:00,145.11
7/12/2021 16:00:00,144.5
7/13/2021 16:00:00,145.64
7/14/2021 16:00:00,149.15
7/15/2021 16:00:00,148.48
7/16/2021 16:00:00,146.39
7/19/2021 16:00:00,142.45
7/20/2021 16:00:00,146.15
7/21/2021 16:00:00,145.4
7/22/2021 16:00:00,146.8
7/23/2021 16:00:00,148.56
7/26/2021 16:00:00,148.99
7/27/2021 16:00:00,146.77
7/28/2021 16:00:00,144.98
7/29/2021 16:00:00,145.64
7/30/2021 16:00:00,145.86
8/2/2021 16:00:00,145.52
8/3/2021 16:00:00,147.36
8/4/2021 16:00:00,146.95
8/5/2021 16:00:00,147.06
8/6/2021 16:00:00,146.14
8/9/2021 16:00:00,146.09
8/10/2021 16:00:00,145.6
8/11/2021 16:00:00,145.86
8/12/2021 16:00:00,148.89
8/13/2021 16:00:00,149.1
8/16/2021 16:00:00,151.12
8/17/2021 16:00:00,150.19
8/18/2021 16:00:00,146.36
8/19/2021 16:00:00,146.7
8/20/2021 16:00:00,148.19
8/23/2021 16:00:00,149.71
8/24/2021 16:00:00,149.62
8/25/2021 16:00:00,148.36
8/26/2021 16:00:00,147.54
8/27/2021 16:00:00,148.6
8/30/2021 16:00:00,153.12
8/31/2021 16:00:00,151.83
9/1/2021 16:00:00,152.51
9/2/2021 16:00:00,153.65
9/3/2021 16:00:00,154.3
9/7/2021 16:00:00,156.69
9/8/2021 16:00:00,155.11
9/9/2021 16:00:00,154.07
9/10/2021 16:00:00,148.97
9/13/2021 16:00:00,149.55
9/14/2021 16:00:00,148.12
9/15/2021 16:00:00,149.03
9/16/2021 16:00:00,148.79
9/17/2021 16:00:00,146.06
9/20/2021 16:00:00,142.94
9/21/2021 16:00:00,143.43
9/22/2021 16:00:00,145.85
9/23/2021 16:00:00,146.83
9/24/2021 16:00:00,146.92
9/27/2021 16:00:00,145.37
9/28/2021 16:00:00,141.91
9/29/2021 16:00:00,142.83
9/30/2021 16:00:00,141.5
10/1/2021 16:00:00,142.65
10/4/2021 16:00:00,139.14
10/5/2021 16:00:00,141.11
10/6/2021 16:00:00,142
10/7/2021 16:00:00,143.29
10/8/2021 16:00:00,142.9
10/11/2021 16:00:00,142.81
10/12/2021 16:00:00,141.51
10/13/2021 16:00:00,140.91
10/14/2021 16:00:00,143.76
10/15/2021 16:00:00,144.84
10/18/2021 16:00:00,146.55
10/19/2021 16:00:00,148.76
10/20/2021 16:00:00,149.26
10/21/2021 16:00:00,149.48
10/22/2021 16:00:00,148.69
10/25/2021 16:00:00,148.64
10/26/2021 16:00:00,149.32
10/27/2021 16:00:00,148.85
10/28/2021 16:00:00,152.57
10/29/2021 16:00:00,149.8
11/1/2021 16:00:00,148.96
11/2/2021 16:00:00,150.02
11/3/2021 16:00:00,151.49
11/4/2021 16:00:00,150.96
11/5/2021 16:00:00,151.28
11/8/2021 16:00:00,150.44
11/9/2021 16:00:00,150.81
11/10/2021 16:00:00,147.92
11/11/2021 16:00:00,147.87
11/12/2021 16:00:00,149.99
11/15/2021 16:00:00,150
11/16/2021 16:00:00,151
11/17/2021 16:00:00,153.49
11/18/2021 16:00:00,157.87
11/19/2021 16:00:00,160.55
11/22/2021 16:00:00,161.02
11/23/2021 16:00:00,161.41
11/24/2021 16:00:00,161.94
11/26/2021 13:00:00,156.81
11/29/2021 16:00:00,160.24